,count,percent
gsm8k,97,3.17
mmlu,65,2.13
humaneval,47,1.54
c4,37,1.21
truthfulqa,35,1.15
advbench,34,1.11
math,30,0.98
wikitext103,26,0.85
sharegpt,25,0.82
wikitext2,22,0.72
hotpotqa,21,0.69
thepile,19,0.62
alpaca,19,0.62
strategyqa,18,0.59
mimiciv,18,0.59
bigbenchhard,17,0.56
realtoxicityprompts,16,0.52
toolbench,14,0.46
hhrlhf,14,0.46
longbench,13,0.43
beavertails,13,0.43
mimiciii,12,0.39
halueval,12,0.39
pubmedqa,12,0.39
mbpp,12,0.39
medqa,12,0.39
donotanswer,11,0.36
maliciousinstruct,10,0.33
msmarco,10,0.33
commonsenseqa,9,0.29
projectcodenet,9,0.29
ultrafeedback,9,0.29
crowdspairs,9,0.29
matbench,9,0.29
mmsafetybench,9,0.29
vqav2,9,0.29
pkusaferlhf,8,0.26
jailbreakbench,8,0.26
folio,8,0.26
anthropichhrlhf,8,0.26
mscoco,8,0.26
defects4j,8,0.26
eicucrd,7,0.23
scienceqa,7,0.23
alfworld,7,0.23
spider,7,0.23
arcchallenge,7,0.23
harmbench,7,0.23
redpajama,7,0.23
globalopinionqa,7,0.23
movielens1m,6,0.2
amazonbeauty,6,0.2
thestack,6,0.2
pubmed,6,0.2
s2orc,6,0.2
sst2,6,0.2
codesearchnet,6,0.2
virtualhome,6,0.2
empatheticdialogues,6,0.2
scannet,5,0.16
mvbench,5,0.16
naturalquestions,5,0.16
webshop,5,0.16
activitynetqa,5,0.16
c4dataset,5,0.16
xsum,5,0.16
lambada,5,0.16
personachat,5,0.16
agnews,5,0.16
tabfact,5,0.16
pg19,5,0.16
cnndailymail,5,0.16
gluebenchmark,5,0.16
wikitablequestions,5,0.16
swebench,5,0.16
cifar10,5,0.16
stereoset,5,0.16
codexglue,5,0.16
civilcomments,5,0.16
squadv20,5,0.16
verilogeval,4,0.13
restbench,4,0.13
apibank,4,0.13
agentbench,4,0.13
cora,4,0.13
yelpdataset,4,0.13
tensortrust,4,0.13
webarena,4,0.13
quixbugs,4,0.13
codecontests,4,0.13
mmbench,4,0.13
finqa,4,0.13
multiwoz21,4,0.13
triviaqa,4,0.13
flores200,4,0.13
opinionqa,4,0.13
scibench,4,0.13
msrvtt,4,0.13
alpacaeval,4,0.13
hellaswag,4,0.13
gqa,4,0.13
nextqa,4,0.13
activitynetcaptions,4,0.13
mathdataset,4,0.13
imagenet1k,4,0.13
xnli,4,0.13
mind2web,4,0.13
20newsgroups,4,0.13
nuscenes,4,0.13
bbq,4,0.13
financebench,4,0.13
prontoqa,4,0.13
objaverse,4,0.13
alpacadataset,4,0.13
llavainstruct,4,0.13
amazonreviews,4,0.13
needleinahaystack,4,0.13
svamp,4,0.13
pubmedcentral,4,0.13
esconv,4,0.13
squad,4,0.13
tritonbench,4,0.13
ultrachat,4,0.13
movielens25m,4,0.13
enronemail,4,0.13
azurellmtraces,4,0.13
alpaca52k,4,0.13
scanqa,4,0.13
pope,4,0.13
yelp,4,0.13
rlbench,4,0.13
counterfact,3,0.1
yelpopendataset,3,0.1
azurefunctionstrace,3,0.1
fetaqa,3,0.1
ai2thor,3,0.1
ego4d,3,0.1
writingprompts,3,0.1
2wikimultihopqa,3,0.1
musique,3,0.1
xstest,3,0.1
summeval,3,0.1
studentinteractionlogs,3,0.1
cicids2017,3,0.1
metaqa,3,0.1
prm800k,3,0.1
cococaptions,3,0.1
textvqa,3,0.1
proofwriter,3,0.1
candle,3,0.1
opencores,3,0.1
ethics,3,0.1
bookcorpus,3,0.1
bigvul,3,0.1
socialchemistry,3,0.1
apps,3,0.1
toolemu,3,0.1
scrolls,3,0.1
moralstories,3,0.1
changemyview,3,0.1
ricodataset,3,0.1
cosql,3,0.1
carlasimulator,3,0.1
bdd100k,3,0.1
librispeech,3,0.1
mimiccxr,3,0.1
legalbench,3,0.1
fever,3,0.1
medmcqa,3,0.1
matterport3d,3,0.1
goemotions,3,0.1
huggingfacehub,3,0.1
realtimeqa,3,0.1
ruletaker,3,0.1
sotopia,3,0.1
machiavellibenchmark,3,0.1
multisessionchat,3,0.1
gigaspeech,3,0.1
openwebtext,3,0.1
babitasks,3,0.1
medquad,3,0.1
multiwoz,3,0.1
mme,3,0.1
recipe1m,3,0.1
steam,3,0.1
planbench,3,0.1
youcook2,3,0.1
musicavqa,3,0.1
tofudataset,3,0.1
openmlcc18,3,0.1
drivelm,3,0.1
pmcoa,3,0.1
googlelocal,3,0.1
chatbotarena,3,0.1
tsplib,3,0.1
craigslistbargain,3,0.1
ogbnarxiv,3,0.1
beirbenchmark,3,0.1
openstreetmap,3,0.1
mathvista,2,0.07
cvrplib,2,0.07
mooccube,2,0.07
rewardbench,2,0.07
healthcaremagic,2,0.07
adultcensus,2,0.07
rtllmbenchmark,2,0.07
bddx,2,0.07
synthetichillogs,2,0.07
roco,2,0.07
mmlubenchmark,2,0.07
jigsawtoxicity,2,0.07
codeflaws,2,0.07
universaldependencies,2,0.07
sharegpt4v,2,0.07
crisislex,2,0.07
imdbreviews,2,0.07
rolebench,2,0.07
c4realnews,2,0.07
syntheticpii,2,0.07
ngsim,2,0.07
mgsm,2,0.07
commonsharvest,2,0.07
mmmu,2,0.07
weibo,2,0.07
meddialog,2,0.07
projectgutenberg,2,0.07
prism,2,0.07
twitteraae,2,0.07
codereviewer,2,0.07
bold,2,0.07
bigfiveinventory,2,0.07
oscar,2,0.07
videomme,2,0.07
magmabenchmark,2,0.07
nasparallelbenchmarks,2,0.07
rodiniabenchmark,2,0.07
safebench,2,0.07
loghub,2,0.07
wikibio,2,0.07
githubcode,2,0.07
kernelbench,2,0.07
feedbackprize,2,0.07
3dfront,2,0.07
freshqa,2,0.07
mixinstruct,2,0.07
cuad,2,0.07
alibabaclustertrace,2,0.07
superglue,2,0.07
stackoverflow,2,0.07
methods2test,2,0.07
gaia,2,0.07
docvqa,2,0.07
mpdocvqa,2,0.07
popqa,2,0.07
alpacaclean,2,0.07
googleclustertrace,2,0.07
bioasq,2,0.07
androzoo,2,0.07
babyai,2,0.07
calvin,2,0.07
strongreject,2,0.07
manifestoprojectcorpus,2,0.07
scanrefer,2,0.07
blackboxdataset,2,0.07
jailbreakv28k,2,0.07
minedojo,2,0.07
e2edataset,2,0.07
toxicchat,2,0.07
rtllm,2,0.07
mathqa,2,0.07
trafficqa,2,0.07
bird,2,0.07
charadessta,2,0.07
clutrr,2,0.07
advglue,2,0.07
moleculenet,2,0.07
convfinqa,2,0.07
syntheticerpdata,2,0.07
shape2motion,2,0.07
partnetmobility,2,0.07
highd,2,0.07
mimicivnote,2,0.07
humaid,2,0.07
persuasionforgood,2,0.07
securityeval,2,0.07
openalex,2,0.07
rico,2,0.07
ciciot23,2,0.07
enronemails,2,0.07
humanevalx,2,0.07
fineweb,2,0.07
webvid10m,2,0.07
mmebenchmark,2,0.07
vulnpatchpairs,2,0.07
sard,2,0.07
birdsql,2,0.07
refcocog,2,0.07
arxivdataset,2,0.07
pathvqa,2,0.07
dblp,2,0.07
citeseer,2,0.07
alpacagpt4,2,0.07
stanfordshp,2,0.07
classeval,2,0.07
epickitchens100,2,0.07
chartqa,2,0.07
globalvalues,2,0.07
anes2020,2,0.07
pubmedabstracts,2,0.07
umlsmetathesaurus,2,0.07
complexwebquestions,2,0.07
webqsp,2,0.07
cococaption,2,0.07
anghabench,2,0.07
proofnet,2,0.07
minif2f,2,0.07
imdb,2,0.07
bats,2,0.07
apibench,2,0.07
slidevqa,2,0.07
mediaframescorpus,2,0.07
weather,2,0.07
etth1,2,0.07
lampbenchmark,2,0.07
opus100,2,0.07
webnlg,2,0.07
boolq,2,0.07
enroncorpus,2,0.07
safetyprompts,2,0.07
shapenetcore,2,0.07
partnet,2,0.07
mentalhealthqa,2,0.07
dailydialog,2,0.07
behavior1k,2,0.07
alfred,2,0.07
slake,2,0.07
vqarad,2,0.07
wdcproducts,2,0.07
amazonproducts,2,0.07
iteratedprisonersdilemma,2,0.07
daicwoz,2,0.07
allsides,2,0.07
unswnb15,2,0.07
argoverse2,2,0.07
tcmparallelcorpus,2,0.07
huangdineijingcorpus,2,0.07
tatqa,2,0.07
cc100,2,0.07
databricksdolly,2,0.07
commongen,2,0.07
medqausmle,2,0.07
ucfcrime,2,0.07
syntheticcpsrecords,2,0.07
courseinteractionlogs,2,0.07
bgldataset,2,0.07
moddataset,2,0.07
ns3simulationlogs,2,0.07
ideinteractionlogs,2,0.07
mtebbenchmark,2,0.07
beir,2,0.07
foursquarenyc,2,0.07
ghtorrent,2,0.07
stackoverflowcorpus,2,0.07
uspto50k,2,0.07
mathdial,2,0.07
referkitti,2,0.07
culturebank,2,0.07
bigbench,2,0.07
ildc,2,0.07
wikipedia,2,0.07
socbench,1,0.03
devopsqa,1,0.03
injecagent,1,0.03
coqa,1,0.03
preflib,1,0.03
syntheticpreferenceprofiles,1,0.03
splidditanonymizeddata,1,0.03
v2xsimdataset,1,0.03
wairddataset,1,0.03
deepmimodataset,1,0.03
multifc,1,0.03
liarplus,1,0.03
liar,1,0.03
bfcl,1,0.03
lfamazon131k,1,0.03
wiki500k,1,0.03
fudanwtdataset,1,0.03
openmathinstruct1,1,0.03
deepseekr1distillnumina,1,0.03
qrecc,1,0.03
treccast,1,0.03
linuxkernelgit,1,0.03
drivebench,1,0.03
sleeperagentsdata,1,0.03
pubmedopenaccess,1,0.03
equatornetwork,1,0.03
consorttm,1,0.03
azuretraces,1,0.03
grooveot,1,0.03
mmtelco,1,0.03
pilearxiv,1,0.03
pilegithub,1,0.03
dsd100,1,0.03
medleydb,1,0.03
cub2002011,1,0.03
miniimagenet,1,0.03
cifar100,1,0.03
logisticsdomain,1,0.03
ipchtndomains,1,0.03
hcpsdataset,1,0.03
amazonaccess,1,0.03
opentitansource,1,0.03
nuscenesqa,1,0.03
newsroom,1,0.03
fakenewsnet,1,0.03
dtuaeddataset,1,0.03
sdowtdataset,1,0.03
zinc15,1,0.03
requirementsumlpairs,1,0.03
starumldataset,1,0.03
plantumlcorpus,1,0.03
codeforcesscrape,1,0.03
appsdataset,1,0.03
indicglue,1,0.03
tamilmmlu,1,0.03
ilakkanam,1,0.03
tempreason,1,0.03
crosscalendardataset,1,0.03
bigbenchdate,1,0.03
houseprices,1,0.03
titanic,1,0.03
californiahousing,1,0.03
signaltrain,1,0.03
evolutiongym,1,0.03
okvqa,1,0.03
gqaood,1,0.03
vqacpv2,1,0.03
polymergenome,1,0.03
omdb,1,0.03
samsum,1,0.03
joinorderbenchmark,1,0.03
sysbench,1,0.03
tpch,1,0.03
tpcc,1,0.03
referdavis,1,0.03
tscc,1,0.03
talkmoves,1,0.03
rxbench,1,0.03
chickengame,1,0.03
staghunt,1,0.03
eatdcorpus,1,0.03
babe,1,0.03
basil,1,0.03
saldataset,1,0.03
customuserlogs,1,0.03
customvideodataset,1,0.03
counter,1,0.03
syntheticsequences,1,0.03
wikieval,1,0.03
news2018,1,0.03
dakshinadataset,1,0.03
indotranslit,1,0.03
brax,1,0.03
mujoco,1,0.03
unv2corpus,1,0.03
unscvotingrecords,1,0.03
ungeneraldebates,1,0.03
ncertqa,1,0.03
rakutenclassification,1,0.03
svcomp,1,0.03
juliettestsuite,1,0.03
syntheticgraphs,1,0.03
nlgraph,1,0.03
graphqa,1,0.03
iscxvpnnonvpn,1,0.03
iot23,1,0.03
esgsustainabilityreports,1,0.03
amimeetingcorpus,1,0.03
earningscalltranscripts,1,0.03
usptopatentdata,1,0.03
cubppt,1,0.03
pptc,1,0.03
medhalt,1,0.03
moralfoundationscorpus,1,0.03
traffic,1,0.03
electricity,1,0.03
virectify,1,0.03
coconut,1,0.03
bugsinpy,1,0.03
openassistant,1,0.03
vitishlsexamples,1,0.03
machsuite,1,0.03
rosettabenchmarks,1,0.03
berkeleyfunctioncalling,1,0.03
pmcvqa,1,0.03
refcoco,1,0.03
reddit,1,0.03
durecdial,1,0.03
kdconv,1,0.03
opendialkg,1,0.03
tableinstruct,1,0.03
promptbench,1,0.03
cvact,1,0.03
cvusa,1,0.03
ddxplus,1,0.03
nejmcaserecords,1,0.03
housemdcorpus,1,0.03
apimds,1,0.03
oliveiradataset,1,0.03
cicmaldroid2020,1,0.03
mmlucollegephysics,1,0.03
d4dataset,1,0.03
lexgenius,1,0.03
customcoursewaredata,1,0.03
mmluelectricalengineering,1,0.03
mnli,1,0.03
aime2024,1,0.03
wsivqa,1,0.03
quiltvqa,1,0.03
kosbi,1,0.03
edaic,1,0.03
vigor,1,0.03
gqadataset,1,0.03
cococaptioning,1,0.03
elasticdetectionrules,1,0.03
splunksecuritycontent,1,0.03
sigmahqrules,1,0.03
wordnetnouns,1,0.03
ocrreal,1,0.03
docdiqa,1,0.03
diqa80k,1,0.03
wildchat,1,0.03
zeal,1,0.03
shadowlink,1,0.03
moralmachine,1,0.03
sqa3d,1,0.03
hydrosebench,1,0.03
kitmotionlanguage,1,0.03
amass,1,0.03
humanml3d,1,0.03
networkxgenerators,1,0.03
mbtisystemprompts,1,0.03
militarymanuals,1,0.03
formai,1,0.03
customsyntheticdata,1,0.03
logicbench,1,0.03
govinfodata,1,0.03
mftcdataset,1,0.03
semeval2023task3,1,0.03
githubissues,1,0.03
stackoverflowdataset,1,0.03
seinterviewcorpus,1,0.03
avspeakerbench,1,0.03
obelics,1,0.03
audioset,1,0.03
laion5b,1,0.03
meshhierarchy,1,0.03
geneontology,1,0.03
sumeczech,1,0.03
integersequencecorpus,1,0.03
numglue,1,0.03
oeiscoresubset,1,0.03
vins,1,0.03
screen2words,1,0.03
pilecopyright,1,0.03
tofubenchmark,1,0.03
amazonfakereviews,1,0.03
ottdeceptivecorpus,1,0.03
yelpchidataset,1,0.03
sacredbench,1,0.03
syntheticsets,1,0.03
wordnet,1,0.03
conceptnet,1,0.03
dodissuances,1,0.03
hbdatabase,1,0.03
emotiwep,1,0.03
daisee,1,0.03
deeplesion,1,0.03
lidcidri,1,0.03
bhdclinicaldataset,1,0.03
dcldcorpus,1,0.03
esddataset,1,0.03
diplomacycicero,1,0.03
trecdeeplearning,1,0.03
abtbuy,1,0.03
dblpacm,1,0.03
walmartamazon,1,0.03
tinyimagenet,1,0.03
mnist,1,0.03
poselodčerchova,1,0.03
mp1m,1,0.03
motionbenchmaker,1,0.03
squadv2,1,0.03
ohiot1dm,1,0.03
heartstepsv1,1,0.03
gmextract,1,0.03
gimdataset,1,0.03
e3ccorpus,1,0.03
valuenet,1,0.03
ravdess,1,0.03
iemocap,1,0.03
msnbc,1,0.03
aidaconllyago,1,0.03
homecredit,1,0.03
sbaloans,1,0.03
lendingclub,1,0.03
umltextpairs,1,0.03
modelset,1,0.03
purpledataset,1,0.03
xiezhi,1,0.03
m3ke,1,0.03
ceval,1,0.03
gaokaobench,1,0.03
activitynetentities,1,0.03
mapillaryvistas,1,0.03
langautobenchmark,1,0.03
customwebscreenshots,1,0.03
amazonuicorpus,1,0.03
tekgen,1,0.03
simplequestions,1,0.03
grailqa,1,0.03
webquestionssp,1,0.03
enronemailcorpus,1,0.03
tracelabdataset,1,0.03
customgithubcorpus,1,0.03
keepingitreal,1,0.03
nl4ra,1,0.03
ratebeer,1,0.03
tydiqa,1,0.03
sr3d,1,0.03
marddataset,1,0.03
visualidioms,1,0.03
wholetthecatsout,1,0.03
magpiecorpus,1,0.03
bookcrossing,1,0.03
factscore,1,0.03
wmt23metrics,1,0.03
minizincchallenge,1,0.03
treccds,1,0.03
conll2003,1,0.03
fewnerd,1,0.03
crossner,1,0.03
vaticanarabic13,1,0.03
arabicdiatessaron,1,0.03
sinaiticusarabicus,1,0.03
crowdprivacydataset,1,0.03
googleplaymetadata,1,0.03
ucirepositories,1,0.03
bayesmark,1,0.03
languagetable,1,0.03
logiclockingcorpus,1,0.03
iscas85benchmarks,1,0.03
trusthubbenchmarks,1,0.03
mlperftrainingresults,1,0.03
indicparam,1,0.03
pileoflaw,1,0.03
githubprs,1,0.03
paranmt50m,1,0.03
glaivefunctioncalling,1,0.03
ns3simulation,1,0.03
telecomitaliadata,1,0.03
arxivastroph,1,0.03
nasaads,1,0.03
chandrasourcecatalog,1,0.03
rockpaperscissors,1,0.03
matchingpenniesgame,1,0.03
syntheticprobabilityprompts,1,0.03
constraintbench,1,0.03
nl4opt,1,0.03
streamingqa,1,0.03
realsumm,1,0.03
hagrid,1,0.03
qags,1,0.03
bigbenchbehavior,1,0.03
economicgameprompts,1,0.03
homosilicusdata,1,0.03
textworld,1,0.03
beliefbank,1,0.03
sconedataset,1,0.03
bigbenchtracking,1,0.03
stsbenchmark,1,0.03
cocotasks,1,0.03
iitaff,1,0.03
ledgar,1,0.03
deepspeedprofilinglogs,1,0.03
soda,1,0.03
hackadac,1,0.03
hwmccbenchmarks,1,0.03
opentitan,1,0.03
lexinstruct,1,0.03
asapdataset,1,0.03
physionet2019,1,0.03
safegraphpatterns,1,0.03
insideairbnb,1,0.03
pitsadscorpus,1,0.03
personalitycaptions,1,0.03
persuasionstrategycorpus,1,0.03
psych8k,1,0.03
counselingconversations,1,0.03
annomi,1,0.03
lama,1,0.03
chexpert,1,0.03
exchangerate,1,0.03
ecl,1,0.03
pemsbay,1,0.03
repobench,1,0.03
locobenchagent,1,0.03
aclanthology,1,0.03
scireviewgen,1,0.03
peerread,1,0.03
lexicalvariation,1,0.03
gyafcdataset,1,0.03
tufanodataset,1,0.03
banglarqa,1,0.03
customsurveydata,1,0.03
personalizeddialogue,1,0.03
cdcsvi,1,0.03
yelp2018,1,0.03
idrid,1,0.03
ddr,1,0.03
messidor2,1,0.03
aptos2019,1,0.03
eyepacs,1,0.03
chatdoctor,1,0.03
clotbenchmark,1,0.03
boketedataset,1,0.03
oogirigo,1,0.03
flickr30k,1,0.03
multilingualnovelsdataset,1,0.03
eltec,1,0.03
ipc2023learning,1,0.03
beaufort,1,0.03
t2icompbench,1,0.03
fruitmarket,1,0.03
concordiascenarios,1,0.03
openstack,1,0.03
qt,1,0.03
isiafood500,1,0.03
lendingclubloan,1,0.03
ucicreditcard,1,0.03
helocdataset,1,0.03
twitter15,1,0.03
upfd,1,0.03
tagfn,1,0.03
pistachio,1,0.03
openreactiondatabase,1,0.03
chicagohealthatlas,1,0.03
acsdata,1,0.03
condefects,1,0.03
highddataset,1,0.03
highwayenv,1,0.03
agieval,1,0.03
ravendataset,1,0.03
syntaxgym,1,0.03
blimp,1,0.03
cheaptalkdata,1,0.03
globalpreferencessurvey,1,0.03
senderreceiverlogs,1,0.03
food101n,1,0.03
lexinstructeval,1,0.03
ieeecisfraud,1,0.03
citypaymentsdata,1,0.03
patcheval,1,0.03
pandora,1,0.03
mypersonality,1,0.03
essaysdataset,1,0.03
raftbenchmark,1,0.03
foodrescuehero,1,0.03
stackexchange,1,0.03
wmt16,1,0.03
sciq,1,0.03
amazonphoto,1,0.03
raincode,1,0.03
apachejit,1,0.03
llavabenchinthewild,1,0.03
prismalignment,1,0.03
mysteryblocksworld,1,0.03
generalizedblocksworld,1,0.03
bugt,1,0.03
nasbench201,1,0.03
hpobench,1,0.03
techqadataset,1,0.03
asamopenxstandards,1,0.03
coco2017,1,0.03
serverlessbench,1,0.03
awssar,1,0.03
dolly15k,1,0.03
diversevul,1,0.03
ecare,1,0.03
cladder,1,0.03
soep,1,0.03
gles,1,0.03
allbus,1,0.03
existbench,1,0.03
crowdhuman,1,0.03
dancetrack,1,0.03
mot20,1,0.03
mot17,1,0.03
trects,1,0.03
yawningtitan,1,0.03
cyberbattlesim,1,0.03
cyborg,1,0.03
tocflcorpus,1,0.03
cuhkhskcorpus,1,0.03
hskbenchmark,1,0.03
rottentomatoes,1,0.03
trustllmdataset,1,0.03
amber,1,0.03
chair,1,0.03
shoppingcomp,1,0.03
customreflectioncorpus,1,0.03
peerdataset,1,0.03
asapaes,1,0.03
wikimia,1,0.03
books3,1,0.03
tripdataset,1,0.03
customhunancorpus,1,0.03
swde,1,0.03
webmdqa,1,0.03
kddcup2010,1,0.03
neurips2020eedi,1,0.03
assistments20092010,1,0.03
multijail,1,0.03
thestackv2,1,0.03
gsmhard,1,0.03
aime,1,0.03
korf100instances,1,0.03
ubuntudialoguecorpus,1,0.03
camosciodata,1,0.03
squadit,1,0.03
arcit,1,0.03
hellaswagit,1,0.03
mmluit,1,0.03
toolroco,1,0.03
ccks2019,1,0.03
duie20,1,0.03
imagenet,1,0.03
frankbenchmark,1,0.03
summvisdata,1,0.03
xsumfaithfulness,1,0.03
aggrefact,1,0.03
music4all,1,0.03
lfm2b,1,0.03
amazondigitalmusic,1,0.03
cryptobench,1,0.03
binutils,1,0.03
debianclipackages,1,0.03
gnucoreutils,1,0.03
polybenchacc,1,0.03
proteingym,1,0.03
uniprot,1,0.03
pdb,1,0.03
machiavelli,1,0.03
socialchemistry101,1,0.03
ethicsbenchmark,1,0.03
fishercorpus,1,0.03
generatedsolvablestates,1,0.03
carlascenariorunner,1,0.03
openpilotcodebase,1,0.03
swebenchlite,1,0.03
swebenchverified,1,0.03
mpi,1,0.03
wikihow,1,0.03
hetionet,1,0.03
drkg,1,0.03
primekg,1,0.03
mc4,1,0.03
bbqbenchmark,1,0.03
aiincidentdatabase,1,0.03
usptopatents,1,0.03
qasper,1,0.03
terragoat,1,0.03
gensiac,1,0.03
cosmopedia,1,0.03
musescore,1,0.03
nottinghamdatabase,1,0.03
msubench,1,0.03
fabula,1,0.03
dstc2,1,0.03
spokenwoz,1,0.03
ccrl4015,1,0.03
lichessdatabase,1,0.03
llmchessbenchmark,1,0.03
crosstask,1,0.03
propara,1,0.03
radgraph,1,0.03
openi,1,0.03
iso26262standards,1,0.03
nhtsacrashscenarios,1,0.03
routeviews,1,0.03
avsd,1,0.03
bank77,1,0.03
gravityspy,1,0.03
gwosco3,1,0.03
socialaibench,1,0.03
zjucampusdata,1,0.03
universe25configs,1,0.03
nanoopticsdataset,1,0.03
pcmmetadataset,1,0.03
syntheticfdtddata,1,0.03
ossfuzz,1,0.03
fuzzbench,1,0.03
magma,1,0.03
multiple,1,0.03
humanevaltranslated,1,0.03
iec611313corpus,1,0.03
melsecmanuals,1,0.03
dataracebench,1,0.03
hpccorpus,1,0.03
omim,1,0.03
pubcasefinder,1,0.03
orphanet,1,0.03
places,1,0.03
sun,1,0.03
inaturalist,1,0.03
rocode,1,0.03
customrapidbench,1,0.03
githubrapidscrape,1,0.03
camelai,1,0.03
bgpstream,1,0.03
riperis,1,0.03
owasptop10,1,0.03
privatephotobench,1,0.03
googlestreetview,1,0.03
openstreetview5m,1,0.03
im2gps3k,1,0.03
etherscantransactionhistory,1,0.03
uniswapv3logs,1,0.03
ethereummainnetdata,1,0.03
d4rlkitchen,1,0.03
d4rladroit,1,0.03
d4rlmujoco,1,0.03
ctorustbench,1,0.03
mgverilog,1,0.03
coninstruct,1,0.03
proofwiki,1,0.03
cityflownl,1,0.03
melodiesmonaddataset,1,0.03
pytheusgraphstates,1,0.03
arxivquantumcorpus,1,0.03
classes2test,1,0.03
voyagerbenchmark,1,0.03
overcookedai,1,0.03
weathergov,1,0.03
clpsychshareddata,1,0.03
googlelocaldata,1,0.03
mimicivnotes,1,0.03
dynahate,1,0.03
hatexplain,1,0.03
xlcost,1,0.03
bbh,1,0.03
corporateknowledgebase,1,0.03
enterprisewhitepapers,1,0.03
tmdb5000,1,0.03
netflixprizedata,1,0.03
rt1dataset,1,0.03
roboset,1,0.03
responsiblerobotbench,1,0.03
hydrorelatedeis,1,0.03
fercelibrary,1,0.03
galenusdataset,1,0.03
udclassicalchinese,1,0.03
udoldfrench,1,0.03
chemvtsbench,1,0.03
teach,1,0.03
sharegptdataset,1,0.03
tandemcylinderdata,1,0.03
openfoamsimulationlogs,1,0.03
vivbenchmarkdata,1,0.03
rosettacode,1,0.03
holocleanbenchmark,1,0.03
gittables,1,0.03
metaculuspublicdata,1,0.03
autocast,1,0.03
cess,1,0.03
fcecorpus,1,0.03
tltschool,1,0.03
bea2019,1,0.03
conll2014,1,0.03
customclassroomlogs,1,0.03
aralingbench,1,0.03
drawingbench,1,0.03
hierarchicalipc,1,0.03
ipcdomains,1,0.03
promptinject,1,0.03
openpsychometrics,1,0.03
dass21,1,0.03
ipipbigfive,1,0.03
osworld,1,0.03
intercode,1,0.03
purplellamacyberseceval,1,0.03
cruxeval,1,0.03
templama,1,0.03
timeqa,1,0.03
synthtext,1,0.03
aozorabunko,1,0.03
manga109,1,0.03
qqmusicdata,1,0.03
chineselyricscorpus,1,0.03
neteaselyricsdataset,1,0.03
scsafety,1,0.03
spatialbench,1,0.03
trancolist,1,0.03
openphish,1,0.03
phishtank,1,0.03
phishpedia,1,0.03
internetargumentcorpus,1,0.03
proteindatabank,1,0.03
metalpdb,1,0.03
redoxdb,1,0.03
polynomialodes,1,0.03
sostoolsexamples,1,0.03
archcompbenchmarks,1,0.03
mctaco,1,0.03
mmqadataset,1,0.03
spiderdataset,1,0.03
pemsd7,1,0.03
blsaverageprices,1,0.03
usdafdc,1,0.03
xwino,1,0.03
winogrande,1,0.03
n2c22022,1,0.03
chemotimelines2025,1,0.03
tcmsd,1,0.03
tcmbench,1,0.03
tcmbest4sdt,1,0.03
amazonbooks,1,0.03
trecis2020,1,0.03
crisislext26,1,0.03
paperswithcode,1,0.03
acmdigitallibrary,1,0.03
llm4sebibliography,1,0.03
chatdevbench,1,0.03
mind,1,0.03
goodreads,1,0.03
amazonbook,1,0.03
poetav2,1,0.03
akb48,1,0.03
winobias,1,0.03
winogradschema,1,0.03
conll2005,1,0.03
ioidataset,1,0.03
waymoopen,1,0.03
owaspbenchmark,1,0.03
nvd,1,0.03
syntheticreportdataset,1,0.03
twittertrafficdata,1,0.03
chpincidentlogs,1,0.03
pypsaeurdata,1,0.03
nrelnsrdb,1,0.03
opsd,1,0.03
badnets,1,0.03
msvd,1,0.03
narratives,1,0.03
amazontoys,1,0.03
amazonclothing,1,0.03
amazonsports,1,0.03
pixelhelp,1,0.03
openpv,1,0.03
pv03,1,0.03
solardk,1,0.03
deepsolar,1,0.03
covost2,1,0.03
srds,1,0.03
qmsum,1,0.03
dream,1,0.03
dclmbaseline,1,0.03
commoncrawl,1,0.03
deepsetpromptinjections,1,0.03
scone,1,0.03
meld,1,0.03
switchboard1,1,0.03
amicorpus,1,0.03
vsr,1,0.03
healthver,1,0.03
harrypotterfmri,1,0.03
pereira2018,1,0.03
tsaccorpus,1,0.03
madarcorpus,1,0.03
tunizidataset,1,0.03
semanticscholar,1,0.03
crossmodal3600,1,0.03
wit,1,0.03
euscrawl,1,0.03
nngen,1,0.03
mcmd,1,0.03
codefusecommiteval,1,0.03
cpgcorpus,1,0.03
mermaidseqbench,1,0.03
m4,1,0.03
cheat,1,0.03
hc3,1,0.03
customkernelset,1,0.03
awsneuronsamples,1,0.03
cvefixes,1,0.03
cyberseceval2,1,0.03
banglasentiment,1,0.03
pewglobalattitudes,1,0.03
worldvaluessurvey,1,0.03
origamispace,1,0.03
stackexchangesecurity,1,0.03
secqa,1,0.03
cybermetric,1,0.03
multinews,1,0.03
nelagt,1,0.03
yourmoralshumanbaseline,1,0.03
moralfoundationsvignettes,1,0.03
dimensionsdata,1,0.03
pediasbench,1,0.03
rectom,1,0.03
pewresearchdata,1,0.03
dictatorgameprompts,1,0.03
googlefuzzbench,1,0.03
cutlasslibrary,1,0.03
polybenchgpu,1,0.03
synthetichyperelastic,1,0.03
sandiafracture,1,0.03
nistmaterialsdata,1,0.03
coin,1,0.03
sroie,1,0.03
hurinkdata,1,0.03
kaceminstances,1,0.03
brandimarteinstances,1,0.03
persianmicrotexts,1,0.03
argmicrotextscorpus,1,0.03
deepmindcontrol,1,0.03
mujocobenchmark,1,0.03
isaacgym,1,0.03
vizwizvqa,1,0.03
dude,1,0.03
custompromptset,1,0.03
sbic,1,0.03
socialbiasframes,1,0.03
moviechat1k,1,0.03
egoschema,1,0.03
zeroscrolls,1,0.03
wikiplots,1,0.03
roleplayerguild,1,0.03
trojai,1,0.03
sabias,1,0.03
houyisamples,1,0.03
wordnet30,1,0.03
ossfuzzprojects,1,0.03
sycophancyevals,1,0.03
ethicsdataset,1,0.03
anthropicpersonaevals,1,0.03
mintaka,1,0.03
snomedct,1,0.03
nrelfleetdna,1,0.03
awsmarketplace,1,0.03
steammarket,1,0.03
oceanprotocol,1,0.03
fairytaleqa,1,0.03
racedataset,1,0.03
plotqa,1,0.03
vqamed2019,1,0.03
cosmosdataset,1,0.03
popebenchmark,1,0.03
mhaldetect,1,0.03
ophydeval,1,0.03
blueskycorpus,1,0.03
ruddit,1,0.03
conversationsgoneawry,1,0.03
psid,1,0.03
onetdatabase,1,0.03
nlsy97,1,0.03
visualgenome,1,0.03
llavainstruct150k,1,0.03
mtabustime,1,0.03
chicagotransitdata,1,0.03
emotionalsupport,1,0.03
epitome,1,0.03
hagglingdataset,1,0.03
cmupanoptic,1,0.03
umavr,1,0.03
ctkfacts,1,0.03
csfever,1,0.03
pems,1,0.03
sumoscenarios,1,0.03
cityflow,1,0.03
instructioninduction,1,0.03
pamap2dataset,1,0.03
nasacmapss,1,0.03
casasdataset,1,0.03
ogbnmag,1,0.03
camelaidata,1,0.03
mediaclouddata,1,0.03
mpoxnewscorpus,1,0.03
planningdomains,1,0.03
lmsyschat1m,1,0.03
3gppspecifications,1,0.03
forexpairdata,1,0.03
finnlp,1,0.03
dow30,1,0.03
alpha360,1,0.03
robocodex,1,0.03
structured3d,1,0.03
usmlecases,1,0.03
semeval2016task5,1,0.03
semeval2014task4,1,0.03
darpatc,1,0.03
calderalogs,1,0.03
itc99,1,0.03
iscas85,1,0.03
trusthub,1,0.03
demagogczsk,1,0.03
asapsas,1,0.03
twitterapi,1,0.03
sagovcorpus,1,0.03
afrisenti,1,0.03
alarmnetwork,1,0.03
syntheticgaussiandags,1,0.03
sachsproteindata,1,0.03
trecis,1,0.03
multilinguallibrispeech,1,0.03
libritts,1,0.03
oranspecs,1,0.03
magmacoredocs,1,0.03
ncbidisease,1,0.03
slangsd,1,0.03
urbandictionary,1,0.03
llm4decompiledataset,1,0.03
wandsdataset,1,0.03
shoppingqueriesdataset,1,0.03
amazonproductdata,1,0.03
nyctaxitrip,1,0.03
nycopendata,1,0.03
cityversebenchmark,1,0.03
ultrachat200k,1,0.03
3gppsyntheticdata,1,0.03
alicante5gdataset,1,0.03
chembl,1,0.03
silodatabase,1,0.03
nistilthermo,1,0.03
isear,1,0.03
equityevaluationcorpus,1,0.03
customcoursedata,1,0.03
mohlerdataset,1,0.03
syntheticodrlcorpus,1,0.03
odrlformalsemantics,1,0.03
w3codrlusecases,1,0.03
vhtest,1,0.03
vidstg,1,0.03
disasterresponsedata,1,0.03
synstarts,1,0.03
mstardataset,1,0.03
springpetclinic,1,0.03
sf110,1,0.03
etherscancontracts,1,0.03
smartcontractsanctuary,1,0.03
emergenetwork,1,0.03
dltdataset,1,0.03
raven,1,0.03
ravenfair,1,0.03
winningarguments,1,0.03
soquijdata,1,0.03
canliicorpus,1,0.03
jailbreakchat,1,0.03
goutbench,1,0.03
era5weather,1,0.03
electricitymaps,1,0.03
wmdpbenchmark,1,0.03
atcoderdataset,1,0.03
codecontest,1,0.03
itutml5g,1,0.03
komondordataset,1,0.03
pandaseval,1,0.03
arcade,1,0.03
dsbench,1,0.03
socialiqa,1,0.03
bigtom,1,0.03
tomibenchmark,1,0.03
mtsamples,1,0.03
habs,1,0.03
biofinder,1,0.03
adni,1,0.03
kardiabench,1,0.03
tallyqa,1,0.03
clevr,1,0.03
kogsm8k,1,0.03
kmmlu,1,0.03
mockcsat2026,1,0.03
syntheticlayoutdata,1,0.03
eyetrackingdata,1,0.03
vizwizcaptions,1,0.03
trustgpt,1,0.03
mutualpersona,1,0.03
coursegitrepositories,1,0.03
talscq5k,1,0.03
crisismmd,1,0.03
nistdisasterrepository,1,0.03
steerreports,1,0.03
designsafeci,1,0.03
xglue,1,0.03
hateeval,1,0.03
jigsawmultilingual,1,0.03
scienceworld,1,0.03
piqa,1,0.03
cudabench,1,0.03
gpuflopbench,1,0.03
crafterhuman,1,0.03
crafter,1,0.03
uavpatrol,1,0.03
cppbenchmark,1,0.03
airsimsynthetic,1,0.03
text2cypher,1,0.03
ldbcsnb,1,0.03
minecraftdata,1,0.03
toniot,1,0.03
edgeiiotset,1,0.03
botiot,1,0.03
parsbertdataset,1,0.03
persianemobank,1,0.03
armanemo,1,0.03
finewebedu,1,0.03
brainteaser,1,0.03
ampbench,1,0.03
metaworld,1,0.03
gymnasiummujoco,1,0.03
habitatsim,1,0.03
llavainstruct665k,1,0.03
videohallucer,1,0.03
curatedmetadatadb,1,0.03
earthnets,1,0.03
geobench,1,0.03
uavqa,1,0.03
gazebo,1,0.03
airsim,1,0.03
chicagotaxidata,1,0.03
didigaia,1,0.03
nyctaxidata,1,0.03
crafterreplay,1,0.03
etherscantransactionlogs,1,0.03
studentcoderepositories,1,0.03
studentsurveydata,1,0.03
botdetect,1,0.03
realworldcaptcha,1,0.03
googlerecaptchav2,1,0.03
captcha100k,1,0.03
monaciinstances,1,0.03
frieseninstances,1,0.03
schwerinwäscher,1,0.03
xquad,1,0.03
tritonkernels,1,0.03
pytorchinductor,1,0.03
starss23,1,0.03
soundspaces,1,0.03
m3it,1,0.03
svhn,1,0.03
fashionmnist,1,0.03
obfuscatedtinyc,1,0.03
refactoringoracle,1,0.03
mlcqdataset,1,0.03
tuftsdental,1,0.03
dentexchallenge,1,0.03
mmoralopg,1,0.03
mmoraluni,1,0.03
syntheticnistdata,1,0.03
nvddescriptions,1,0.03
veriscommunitydatabase,1,0.03
googlebigquerycrypto,1,0.03
circleattestationpdfs,1,0.03
tethertransparencyreports,1,0.03
csd,1,0.03
matrixgames,1,0.03
coingame,1,0.03
axelrodlibrary,1,0.03
chbmitdatabase,1,0.03
sleepedf,1,0.03
tuheegcorpus,1,0.03
hdfs,1,0.03
swat,1,0.03
ucrarchive,1,0.03
mvtecad,1,0.03
naepdata,1,0.03
commoncore,1,0.03
assistments2017,1,0.03
unschuldtranslationpair,1,0.03
mtpb,1,0.03
kinectgaitpd,1,0.03
tumgaid,1,0.03
characterbench,1,0.03
lightdataset,1,0.03
qlibashare,1,0.03
windterminal,1,0.03
tusharepro,1,0.03
csmardatabase,1,0.03
star,1,0.03
iwslt14,1,0.03
qqp,1,0.03
codexgluedefect,1,0.03
arenajs,1,0.03
chemrxiv,1,0.03
qmof,1,0.03
coremof,1,0.03
rotext,1,0.03
udromanianrrt,1,0.03
corolacorpus,1,0.03
freebaseqa,1,0.03
wn18rr,1,0.03
samanantar,1,0.03
indiccorp,1,0.03
englishlexicon,1,0.03
shneidermanspuzzledata,1,0.03
nytspellingbee,1,0.03
healthbenchdataset,1,0.03
mynabolodataset,1,0.03
fdroid,1,0.03
googleplay,1,0.03
healthbench,1,0.03
casiab,1,0.03
iso26262corpus,1,0.03
autowaredocumentation,1,0.03
minddataset,1,0.03
coursera,1,0.03
xuetangx,1,0.03
bizbench,1,0.03
workbench,1,0.03
archebench,1,0.03
supplychaingym,1,0.03
smartgridenergy,1,0.03
msvdqa,1,0.03
syntheticprompts,1,0.03
matinf,1,0.03
meqsum,1,0.03
wikimatrix,1,0.03
oaeiconference,1,0.03
oaeianatomy,1,0.03
hondahdd,1,0.03
brain4cars,1,0.03
jaqket,1,0.03
1000genomesproject,1,0.03
genomicbenchmarks,1,0.03
humanreferencegenome,1,0.03
logicnli,1,0.03
gettyaat,1,0.03
wikiart,1,0.03
europeanacorpus,1,0.03
paws,1,0.03
roparq,1,0.03
douban,1,0.03
syntheticsafetyreqs,1,0.03
lmsyschatbotarena,1,0.03
reutersnews,1,0.03
yahoofinance,1,0.03
sp500,1,0.03
fnspid,1,0.03
mimicived,1,0.03
10kcorpus,1,0.03
wikiesg,1,0.03
esgbertdata,1,0.03
misbenchmark,1,0.03
wikisql,1,0.03
multimedqa,1,0.03
genegptbenchmark,1,0.03
geneturing,1,0.03
oaeilargebio,1,0.03
ember2018,1,0.03
openbugbountydata,1,0.03
bugbountyhunterdataset,1,0.03
hackeronepublicreports,1,0.03
faithdial,1,0.03
mmvet,1,0.03
acnec,1,0.03
mediqacorr,1,0.03
geonames,1,0.03
reliefweb,1,0.03
emdat,1,0.03
audiocaps,1,0.03
tacs,1,0.03
unav100,1,0.03
audiosetstrong,1,0.03
openassistantconversations,1,0.03
unschuldparalleltext,1,0.03
tutorchatcorpus,1,0.03
cimadataset,1,0.03
ekar,1,0.03
googleanalogy,1,0.03
linkingwritingprocesses,1,0.03
keystrokes100k,1,0.03
coauthordataset,1,0.03
lamp4,1,0.03
lamp3,1,0.03
ifeval,1,0.03
cail2018,1,0.03
logisticsenv,1,0.03
tacscm,1,0.03
scmlbenchmark,1,0.03
malconvdata,1,0.03
pecanstreet,1,0.03
nrelsolar,1,0.03
simbench,1,0.03
ieee123bus,1,0.03
ieee33bus,1,0.03
pcam,1,0.03
quilt1m,1,0.03
tcga,1,0.03
gitpythonchanges,1,0.03
rwf2000,1,0.03
xdviolence,1,0.03
psiava,1,0.03
endovis18,1,0.03
cholect45,1,0.03
mavis,1,0.03
surgmllmbench,1,0.03
mmew,1,0.03
smic,1,0.03
samm,1,0.03
casmeii,1,0.03
librariesio,1,0.03
i2b2assertion,1,0.03
bioscopecorpus,1,0.03
hanoinetwork,1,0.03
battledimbenchmark,1,0.03
ltowndataset,1,0.03
goatbench,1,0.03
rtvlm,1,0.03
noharm,1,0.03
smartshark,1,0.03
vggface2,1,0.03
celebahq,1,0.03
gduthwd,1,0.03
chvdataset,1,0.03
pictorv3,1,0.03
mcdsdataset,1,0.03
oshaimis,1,0.03
abcd,1,0.03
synthetic121scenarios,1,0.03
saradataset,1,0.03
title26irc,1,0.03
waymoopendataset,1,0.03
flue,1,0.03
fe661,1,0.03
financialphrasebank,1,0.03
wikipediadump,1,0.03
govbench150,1,0.03
sleuth,1,0.03
cyberseceval,1,0.03
dealornodeal,1,0.03
banking77,1,0.03
ednetkt1,1,0.03
assistments2009,1,0.03
helpsteer,1,0.03
linuxflaw,1,0.03
syzkaller,1,0.03
rgym,1,0.03
defihacklabscorpus,1,0.03
solidifibenchmark,1,0.03
smartbugsdataset,1,0.03
ultratool,1,0.03
dreyeve,1,0.03
mmlueconomics,1,0.03
aaomniscience,1,0.03
rippleedits,1,0.03
mquake,1,0.03
xzutilsrepo,1,0.03
debianpopcon,1,0.03
referit3d,1,0.03
progsnap2,1,0.03
androiddataset,1,0.03
hdfsdataset,1,0.03
loghubbenchmark,1,0.03
c2db,1,0.03
matscinlp,1,0.03
syntheticgaussianstimuli,1,0.03
custominteractionlogs,1,0.03
blenderapidocs,1,0.03
fusion360gallery,1,0.03
insighteval,1,0.03
trusthub20,1,0.03
trusthub99,1,0.03
steamreviews,1,0.03
yelp2023,1,0.03
aquarat,1,0.03
multiarith,1,0.03
waybackmachinescrapes,1,0.03
privaseercorpus,1,0.03
opp115corpus,1,0.03
videoinstruct100k,1,0.03
fineaction,1,0.03
browncorpus,1,0.03
realnews,1,0.03
pewamericantrends,1,0.03
sycophancyeval,1,0.03
celeba,1,0.03
ntsbaviation,1,0.03
nasaasrs,1,0.03
faasdr,1,0.03
ai4privacypii,1,0.03
openxembodiment,1,0.03
drugbank,1,0.03
curatedgithubrepositories,1,0.03
websightdataset,1,0.03
fb15k237,1,0.03
modifiedmnist,1,0.03
noisyclevr,1,0.03
faceforensics,1,0.03
ai4aviationknots,1,0.03
knotsdataset,1,0.03
psyqa,1,0.03
cpsycoun,1,0.03
tensrzeroextraction,1,0.03
surfacesyntacticud,1,0.03
wals,1,0.03
zsre,1,0.03
arxivpapers,1,0.03
multisports,1,0.03
finegym,1,0.03
sportsqa,1,0.03
customsurveylogs,1,0.03
negotiationdialogues,1,0.03
englishwikipedia,1,0.03
amazon670k,1,0.03
legalrr,1,0.03
epistemonikosdatabase,1,0.03
cochranelibrary,1,0.03
pmcopenaccess,1,0.03
trecrobust04,1,0.03
trecdl2020,1,0.03
topoperception,1,0.03
orlibrary,1,0.03
taillardbenchmarks,1,0.03
sylbnparallel,1,0.03
lilabalidataset,1,0.03
sylnlpcorpus,1,0.03
wilddeepfake,1,0.03
genimage,1,0.03
robothow,1,0.03
llavabench,1,0.03
localbench,1,0.03
spatialsense,1,0.03
vsrdataset,1,0.03
nvdcvedata,1,0.03
openwrtimages,1,0.03
firmxraydataset,1,0.03
pubchemqc,1,0.03
pcqm4mv2,1,0.03
qm9,1,0.03
medicat,1,0.03
tcm5ceval,1,0.03
nccnguidelines,1,0.03
vpbench,1,0.03
asvspoof2019,1,0.03
locobenchmark,1,0.03
narrativeqa,1,0.03
mrtydi,1,0.03
miracl,1,0.03
srbench,1,0.03
feynmanbenchmark,1,0.03
surfacebench,1,0.03
rembenchmark,1,0.03
afristereo,1,0.03
s3dis,1,0.03
congressionalrecord,1,0.03
europarl,1,0.03
convvote,1,0.03
teleqna,1,0.03
syntheticoncologyvignettes,1,0.03
pilecc,1,0.03
